keyword,count
PYTHON,425
JAVA,420
前端,228
后端,211
C++,200
嵌入式,199
云计算,199
银行,199
焊工,199
数据分析,198
产品经理,198
算法,198
机械,198
GO,198
物流,198
供应链,198
金融,198
保险,198
水电,198
暖通,198
动画,198
摄影,198
电气,197
内容运营,197
机器学习,197
深度学习,197
采购,197
审计,197
报关,197
测试,196
运维,196
UI设计,196
财务,196
化工,196
翻译,196
网络安全,196
电商,196
设计,196
文案,196
装修,196
环保,196
客服,195
外贸,195
影视,195
航空,195
项目管理,194
编辑,194
新媒体,193
保安,193
建筑,193
跨境电商,193
游戏,193
人力资源,192
行政,192
大数据,192
技工,192
农业,192
园林,192
市场营销,191
铁路,191
会计,190
生物,189
律师,189
人工智能,189
厨师,188
土木,187
销售,185
检验,185
教师,184
护士,183
药剂,182
营养,182
康复,173
医生,160
畜牧,148
记者,112
